[
  {
    "code_SISAMU": "DV",
    "code_CISU": "M01.00",
    "Lib1": "Détresse vitale",
    "LibC": ""
  },
  {
    "code_SISAMU": "DVARCAR",
    "code_CISU": "M01.01",
    "Lib1": "Suspicion d’arrêt cardiaque",
    "LibC": ""
  },
  {
    "code_SISAMU": "DVALTCON",
    "code_CISU": "M01.02",
    "Lib1": "Altération de la conscience",
    "LibC": "Altér conscience"
  },
  {
    "code_SISAMU": "DVDETRES",
    "code_CISU": "M01.03",
    "Lib1": "Détresse respiratoire",
    "LibC": "Dét respiratoire"
  },
  {
    "code_SISAMU": "BL",
    "code_CISU": "M02.00",
    "Lib1": "Blessure",
    "LibC": ""
  },
  {
    "code_SISAMU": "BLHEMOSE",
    "code_CISU": "M02.02",
    "Lib1": "Hémorragie sévère liée à un traumatisme",
    "LibC": "Hémorragie sévère"
  },
  {
    "code_SISAMU": "BLCLIMAT",
    "code_CISU": "M02.03",
    "Lib1": "Hypothermie",
    "LibC": ""
  },
  {
    "code_SISAMU": "BLBRULGR",
    "code_CISU": "M02.04",
    "Lib1": "Brûlure grave",
    "LibC": ""
  },
  {
    "code_SISAMU": "BLBRULBE",
    "code_CISU": "M02.05",
    "Lib1": "Brûlure sans critère de gravité",
    "LibC": "Brûlure bénigne"
  },
  {
    "code_SISAMU": "BLTRAUBE",
    "code_CISU": "M02.06",
    "Lib1": "Traumatisme bénin",
    "LibC": ""
  },
  {
    "code_SISAMU": "BLTRAUSE",
    "code_CISU": "M02.07",
    "Lib1": "Traumatisme sérieux",
    "LibC": ""
  },
  {
    "code_SISAMU": "BLTRAUGR",
    "code_CISU": "M02.08",
    "Lib1": "Traumatisme grave",
    "LibC": ""
  },
  {
    "code_SISAMU": "BLSECTIO",
    "code_CISU": "M02.09",
    "Lib1": "Section complète de membre",
    "LibC": ""
  },
  {
    "code_SISAMU": "BLECRASE",
    "code_CISU": "M02.10",
    "Lib1": "Ecrasement de membre ou du tronc",
    "LibC": "Ecrasement membre"
  },
  {
    "code_SISAMU": "PM",
    "code_CISU": "M03.00",
    "Lib1": "Problème médical",
    "LibC": "Problème médical"
  },
  {
    "code_SISAMU": "PMACOUCH",
    "code_CISU": "M03.01",
    "Lib1": "Accouchement imminent ou en cours",
    "LibC": "Accouchemt imminent"
  },
  {
    "code_SISAMU": "PMOBS",
    "code_CISU": "M03.02",
    "Lib1": "Autre problème obstétrique non hémorragique",
    "LibC": "PB Obs non hémo"
  },
  {
    "code_SISAMU": "PMSAIGYN",
    "code_CISU": "M03.03",
    "Lib1": "Saignements gynécologiques et obstétriaux",
    "LibC": "Saignmt gynéco obst"
  },
  {
    "code_SISAMU": "PMGYNURO",
    "code_CISU": "M03.05",
    "Lib1": "Problème gynécologique et uro-génital",
    "LibC": "PbB gyn uro"
  },
  {
    "code_SISAMU": "PMTHORAX",
    "code_CISU": "M03.06",
    "Lib1": "Douleur thoracique",
    "LibC": "Douleur thoracique"
  },
  {
    "code_SISAMU": "PMNEURO",
    "code_CISU": "M03.07",
    "Lib1": "Autre problème neurologique hors AVC",
    "LibC": "PB neuro"
  },
  {
    "code_SISAMU": "PMAVC",
    "code_CISU": "M03.08",
    "Lib1": "Signes d’AVC",
    "LibC": "Signes d’AVC"
  },
  {
    "code_SISAMU": "PMMAL",
    "code_CISU": "M03.09",
    "Lib1": "Malaise sans perte de connaissance initiale",
    "LibC": "Malaise ss PCI"
  },
  {
    "code_SISAMU": "PMMALPCI",
    "code_CISU": "M03.10",
    "Lib1": "Malaise avec perte de connaissance initiale",
    "LibC": "Malaise av"
  },
  {
    "code_SISAMU": "PCI PMMIG",
    "code_CISU": "M03.11",
    "Lib1": "Céphalée",
    "LibC": ""
  },
  {
    "code_SISAMU": "PMRESPIR",
    "code_CISU": "M03.12",
    "Lib1": "Gêne respiratoire",
    "LibC": "Gêne respiratoire"
  },
  {
    "code_SISAMU": "PMCARVAS",
    "code_CISU": "M03.13",
    "Lib1": "Autre problème cardio-vasculaire",
    "LibC": "Autre PB cardio vasc"
  },
  {
    "code_SISAMU": "PMFIEVRE",
    "code_CISU": "M03.14",
    "Lib1": "Fièvre",
    "LibC": ""
  },
  {
    "code_SISAMU": "PMALLERG",
    "code_CISU": "M03.15",
    "Lib1": "Problème allergique",
    "LibC": "PB allergique"
  },
  {
    "code_SISAMU": "PMPSYCHI",
    "code_CISU": "M03.16",
    "Lib1": "Problème psychiatrique",
    "LibC": ""
  },
  {
    "code_SISAMU": "PMAGIT",
    "code_CISU": "M03.17",
    "Lib1": "Agitation",
    "LibC": ""
  },
  {
    "code_SISAMU": "PMSAIGN",
    "code_CISU": "M03.18.00",
    "Lib1": "Saignement",
    "LibC": "Saignement"
  },
  {
    "code_SISAMU": "PMSAINEZ",
    "code_CISU": "M03.18.01",
    "Lib1": "par le nez",
    "LibC": "Saignement nez"
  },
  {
    "code_SISAMU": "PMSAIBOU",
    "code_CISU": "M03.18.02",
    "Lib1": "par la bouche",
    "LibC": "Saignement bouche"
  },
  {
    "code_SISAMU": "PMSAIANU",
    "code_CISU": "M03.18.03",
    "Lib1": "par l'anus",
    "LibC": "Saignement anus"
  },
  {
    "code_SISAMU": "PMABDO",
    "code_CISU": "M03.20",
    "Lib1": "Douleur abdominale isolée",
    "LibC": "Douleur abdo"
  },
  {
    "code_SISAMU": "PMDIG",
    "code_CISU": "M03.21",
    "Lib1": "Trouble digestif",
    "LibC": "Trouble digestif"
  },
  {
    "code_SISAMU": "PMAUTRE",
    "code_CISU": "M03.22",
    "Lib1": "Autre douleur",
    "LibC": "Autre douleur"
  },
  {
    "code_SISAMU": "INTOX",
    "code_CISU": "M04.00",
    "Lib1": "Intoxications",
    "LibC": "Intoxications"
  },
  {
    "code_SISAMU": "INTOXVOL",
    "code_CISU": "M04.01",
    "Lib1": "Intoxication volontaire et sevrage",
    "LibC": "Intox volontaire"
  },
  {
    "code_SISAMU": "INTOXACC",
    "code_CISU": "M04.02",
    "Lib1": "Intoxication involontaire ou accidentelle à des produits toxiques",
    "LibC": "Intox involontaire"
  },
  {
    "code_SISAMU": "INTOXIVR",
    "code_CISU": "M04.03",
    "Lib1": "Ébriété",
    "LibC": ""
  },
  {
    "code_SISAMU": "INTOXALC",
    "code_CISU": "M04.04",
    "Lib1": "Intoxication éthylique aiguë",
    "LibC": "Intox éthylique"
  },
  {
    "code_SISAMU": "DS",
    "code_CISU": "M05.00",
    "Lib1": "Problème ou détresse sociale",
    "LibC": "PB détresse sociale"
  },
  {
    "code_SISAMU": "DSPROSOC",
    "code_CISU": "M05.01",
    "Lib1": "Problème social ou sanitaire",
    "LibC": "PB social sanitaire"
  },
  {
    "code_SISAMU": "DSMISERE",
    "code_CISU": "M05.02",
    "Lib1": "Altération de l’état général – misère physiologique et incurie",
    "LibC": "incurie"
  },
  {
    "code_SISAMU": "AUT",
    "code_CISU": "M06.00",
    "Lib1": "Autre type de demande",
    "LibC": "Autre demande"
  },
  {
    "code_SISAMU": "AUTCONME",
    "code_CISU": "M06.02",
    "Lib1": "Demande de conseil médical",
    "LibC": ""
  },
  {
    "code_SISAMU": "AUTCHUTE",
    "code_CISU": "M06.03",
    "Lib1": "Personne restant à terre suite à une chute",
    "LibC": "Personne à terre"
  },
  {
    "code_SISAMU": "AUTDCD",
    "code_CISU": "M06.01",
    "Lib1": "Décès certain",
    "LibC": ""
  },
  {
    "code_SISAMU": "AUTEVA",
    "code_CISU": "M06.05",
    "Lib1": "Deamnde d'evsan ou rapatriement sanitaire",
    "LibC": "Evasan Rapasan"
  },
  {
    "code_SISAMU": "AUTBAR",
    "code_CISU": "M06.06",
    "Lib1": "Demande de moyens d'intervention bariatrique",
    "LibC": "Bariatrique"
  },
  {
    "code_SISAMU": "AUTRAD",
    "code_CISU": "M06.07",
    "Lib1": "Demande de retour au domicile",
    "LibC": "Retour domicile"
  },
  {
    "code_SISAMU": "AUTTIH",
    "code_CISU": "M06.08",
    "Lib1": "Demande de transfert interhospitaliera",
    "LibC": "TIH"
  },
  {
    "code_SISAMU": "AUTGREF",
    "code_CISU": "M06.04",
    "Lib1": "Demande de transport pour greffe ou transplantation",
    "LibC": "Greffe transplan"
  },
  {
    "code_SISAMU": "AUTAUT",
    "code_CISU": "M06.09",
    "Lib1": "Autres motifs ou pas de motif identifié",
    "LibC": "Autres motifs"
  },
  {
    "code_SISAMU": "NR",
    "code_CISU": "M07.00",
    "Lib1": "Non renseigné",
    "LibC": "Non renseigné"
  },
  {
    "code_SISAMU": "NR",
    "code_CISU": "M07.01",
    "Lib1": "Non renseigné",
    "LibC": "Non renseigné"
  }
]