[
  {
    "id": 0,
    "type": 14,
    "text": "Fréquence",
    "highlight":true,
    "label": "Fréquence d'apparition",
    "val": "",
    "suby": [
      {
        "text": "Première fois",
        "id": 0,
        "val": 0
      },
      {
        "text": "Plusieur fois",
        "id": 1,
        "val": 0
      },
      {
        "text": "Chronique",
        "id": 2,
        "val": 0
      }
    ],
    "cr": [
      {
        "text": "Type",
        "val": 0
      }
    ]
  },
  {
    "text": "Antécédent Familliaux",
    "type": 1,
    "highlight":true,
    "cr": [
      {
        "text": "Sans antécédent Familliaux",
        "val": false
      },
      {
        "text": "Il y a des antécédents famillaux",
        "val": true
      }
    ],
    "id": 1,
    "val": ""
  },

  {
    "text": "Allergie",
    "highlight":true,
    "id": 2,
    "val": "",
    "type": 2
  },
  {
    "text": "Antécedents",
    "highlight":true,
    "id": 3,
    "val": "",
    "type": 2
  },
  {
    "id": 0,
    "type": 15,
    "highlight":true,
    "text": "Derniere hospitalisation",
    "val": "",
    "cr": [
      {
        "text": "Temps depuis la derniere hospitalisation : ",
        "val": ""
      }
    ]
  }
]

