[
  {
    "id": 0,
    "type": 6,
    "text": "FR",
    "highlight":true,
    "label": "FR (resp/min)",
    "realName": "Fréquence Respiratoire",
    "constante": true,
    "val": "",
    "max": 100,
    "min": 0,
    "cr": [
      {
        "text": "Repiration est normale",
        "val": [12, 20],
        "color": "#fff2cc",
        "mesure": " resp/min"
      },
      {
        "text": "Dyspnée en Tachypnée",
        "val": [21, 100],
        "color": "#ff6b6b",
        "mesure": " resp/min"
      },
      {
        "text": "Dyspnée en Bradypnée",
        "color": "#a4e7da",
        "val": [6, 11],
        "mesure": " resp/min"
      },
      {
        "text": "Apnée Arrêt respiratoire",
        "color": "#666666",
        "val": [0, 5],
        "mesure": " resp/min"
      }
    ]
  },
  {
    "id": 1,
    "type": 6,
    "text": "Spo2",
    "label": "Spo2 (%)",
    "realName": "Saturation",
    "highlight":true,
    "constante": true,
    "val": "",
    "cr": [
      {
        "text": "La saturation est normale",
        "val": [95, 100],
        "color": "#fff2cc",
        "mesure": "%"
      },
      {
        "text": "Désaturation",
        "val": [0, 94],
        "color": "#ff6b6b",
        "mesure": "%"
      }
    ],
    "max": 100,
    "min": 0
  },
  {
    "text": "Cyanose",
    "id": 2,
    "type": 1,
    "val": false,
    "cr": [
      {
        "text": "Cyanose",
        "val": true
      }
    ]
  },
  {
    "text": "Toux",
    "id": 3,
    "val": false,
    "type": 1,
    "cr": [
      {
        "text": "Toux",
        "val": true
      }
    ]
  },
  {
    "text": "Sueur",
    "id": 4,
    "val": false,
    "type": 1,
    "cr": [
      {
        "text": "Sueur",
        "val": true
      }
    ]
  },
  {
    "text": "Tirage",
    "val": false,
    "id": 5,
    "type": 1,
    "cr": [
      {
        "text": "Tirage",
        "val": true
      }
    ]
  },
  {
    "text": "Bruit",
    "val": false,
    "id": 6,
    "type": 1,
    "cr": [
      {
        "text": "Bruit",
        "val": true
      }
    ]
  },
  {
    "text": "Effort",
    "id": 7,
    "type": 1,
    "val": false,
    "cr": [
      {
        "text": "Effort",
        "val": true
      }
    ]
  }
]