[
  {
    "id": 0,
    "type": 9,
    "text": "PA",
    "realName": "Tension Artérielle",
    "constante": true,
    "highlight":true,
    "val": {
      "sys": "",
      "dias": ""
    },
    "cr": [
      {
        "text": "Normale",
        "color": "#fff2cc",
        "val": {
          "sys": [
            100,
            140
          ],
          "dias": [
            70,
            90
          ]
        },
        "mesure": "mmHg"
      },
      {
        "text": "Hypertension",
        "color": "#ff6b6b",
        "val": {
          "sys": [
            141,
            400
          ],
          "dias": [
            91,
            350
          ]
        },
        "mesure": "mmHg"
      },
      {
        "text": "Hypotension",
        "color": "#a4e7da",
        "val": {
          "sys": [
            0,
            99
          ],
          "dias": [
            0,
            70
          ]
        },
        "mesure": "mmHg"
      }
    ],
    "max": 400,
    "min": 0
  },
  {
    "id": 0,
    "type": 6,
    "text": "FC",
    "label": "FC (puls/min)",
    "realName": "Fréquence Cardiaque",
    "highlight":true,
    "constante": true,
    "val": "",
    "max": 300,
    "min": 10,
    "cr": [
      {
        "text": "Fréquence cardiaque est normale",
        "color": "#fff2cc",
        "val": [
          50,
          100
        ],
        "mesure": " puls/min"
      },
      {
        "text": "Arythmie en Tachycardie",
        "color": "#ff6b6b",
        "val": [
          101,
          300
        ],
        "mesure": " puls/min"
      },
      {
        "text": "Arythmie en Bradycardie",
        "color": "#a4e7da",
        "val": [
          1,
          49
        ],
        "mesure": " puls/min"
      },
      {
        "text": "Arrêt cardiaque",
        "val": [
          0,
          0
        ],
        "mesure": " puls/min"
      }
    ]
  },
  {
    "id": 4,
    "type": 6,
    "highlight":true,
    "text": "Température",
    "realName": "Température",
    "label": "Température (en °C)",
    "constante": true,
    "val": "",
    "max": 60,
    "min": 0,
    "cr": [
      {
        "text": "Hypothermie",
        "color": "#a4e7da",
        "val": [
          0,
          35
        ],
        "mesure": " °C"
      },
      {
        "text": "Apyrétique",
        "color": "#fff2cc",
        "val": [
          36,
          37
        ],
        "mesure": " °C"
      },
      {
        "text": "Fièvre",
        "color": "#ffad7d",
        "val": [
          38,
          39
        ],
        "mesure": " °C"
      },
      {
        "text": "Fièvre élevée",
        "color": "#ff6b6b",
        "val": [
          40,
          41
        ],
        "mesure": " °C"
      },
      {
        "text": "Hyperthermie",
        "color": "#ff2a2a",
        "val": [
          42,
          60
        ],
        "mesure": " °C"
      }
    ]
  },
  {
    "id": 5,
    "type": 6,
    "text": "Glycémie",
    "realName": "Glycémie",
    "label": "Glycémie (en cg/L)",
    "val": "",
    "highlight":true,
    "constante": true,
    "max": 0,
    "min": 1000,
    "cr": [
      {
        "text": "Hypoglycémie",
        "color": "#a4e7da",
        "val": [
          10,
          79
        ],
        "mesure": " cg/L"
      },
      {
        "text": "Glycémie normale",
        "val": [
          80,
          120
        ],
        "color": "#fff2cc",
        "mesure": " cg/L"
      },
      {
        "text": "Hyperglycémie",
        "color": "#ff6b6b",
        "val": [
          121,
          1000
        ],
        "mesure": " cg/L"
      }
    ]
  },
  {
    "text": "Marbrure",
    "id": 1,
    "type": 1,
    "val": false,
    "cr": [
      {
        "text": "Marbrure",
        "val": true
      }
    ]
  },
  {
    "text": "Hémorragie",
    "id": 2,
    "type": 1,
    "val": false,
    "cr": [
      {
        "text": "Hémorragie",
        "val": true
      }
    ]
  },
  {
    "text": "Paleur",
    "id": 3,
    "type": 1,
    "val": false,
    "cr": [
      {
        "text": "Paleur",
        "val": true
      }
    ]
  }
]