[
  {
    "id": 0,
    "type": 2,
    "text": "Ambulancier 1",
    "highlight":true,
    "val": "Robin Khalil-Lortie",
    "cr": [
      {
        "text": "Ambulancier 1",
        "val": 0
      }
    ]
  },
  {
    "id": 2,
    "type": 2,
    "text": "Ambulancier 2",
    "highlight":true,
    "val": "Edine Mouhiddine",
    "cr": [
      {
        "text": "Ambulancier 2",
        "val": ""
      }
    ]
  },
  {
    "id": 1,
    "type": 2,
    "highlight":true,
    "text": "Compagnie",
    "val": "Saint Micheal Ambulance Quint fonsegrive",
    "cr": [
      {
        "text": " ambulancier à",
        "val": 0
      }
    ]
  },
  {
    "id": 3,
    "type": 2,
    "text": "N° de dossier",
    "highlight":true,
    "val": "404",
    "cr": [
      {
        "text": " pour le dossier ",
        "val": 0
      }
    ]
  },
  {
    "id": 4,
    "highlight":true,
    "type": 2,
    "text": "NOM Prenom du patient",
    "val": "",
    "cr": [
      {
        "text": "Nom et Prenom du patient",
        "val": ""
      }
    ]
  },
  {
    "id": 4,
    "type": 15,
    "highlight":true,
    "constante": true,
    "text": "Année de naissance du patient",
    "val": "",
    "cr": [
      {
        "text": "Age du patient",
        "val": ""
      }
    ]
  }
]